kabupaten,tahun,produksi_padi,curah_hujan,suhu,kelembaban,ipm,kemiskinan,sanitasi,air_bersih
Kabupaten Bogor,2004,617907,4088.0,26.3,76.0,73.98,3.63,,85.19
Kabupaten Bogor,2005,677630,3110.0,26.2,75.0,74.32,3.97,78.0,84.55
Kabupaten Bogor,2006,603956,3050.0,26.3,86.0,74.24,4.69,77.33,66.13
Kabupaten Bogor,2007,578693,3245.0,26.9,71.0,74.75,6.34,66.47,97.0
Kabupaten Bogor,2008,612533,4001.0,26.1,68.0,74.71,4.14,78.99,69.65
Kabupaten Bogor,2009,514743,3797.0,27.2,86.0,74.59,6.05,64.06,93.48
Kabupaten Bogor,2010,458914,4149.0,26.6,77.0,75.17,5.73,76.53,68.95
Kabupaten Bogor,2011,619466,4063.0,27.1,90.0,75.72,5.44,,65.84
Kabupaten Bogor,2012,466867,4110.0,27.2,80.0,75.38,4.59,62.69,74.56
Kabupaten Bogor,2013,659245,3742.0,27.4,81.0,75.38,4.76,78.88,91.65
Kabupaten Bogor,2014,565568,3859.0,26.5,77.0,76.26,2.37,67.77,68.96
Kabupaten Bogor,2015,623821,3709.0,26.6,81.0,77.4,3.5,94.01,96.76
Kabupaten Bogor,2016,591432,2262.0,26.0,73.0,75.31,4.09,69.75,94.97
Kabupaten Bogor,2017,593433,3010.0,26.4,82.0,76.22,4.4,86.66,72.84
Kabupaten Bogor,2018,521750,4342.0,27.5,89.0,77.63,5.13,66.53,66.35
Kabupaten Bogor,2019,675210,4562.0,27.2,80.0,76.5,3.97,66.1,87.8
Kabupaten Bogor,2020,648288,3291.0,26.4,73.0,76.12,3.21,83.1,91.97
Kabupaten Bogor,2021,642557,4329.0,28.2,77.0,80.26,3.26,82.16,76.19
Kabupaten Bogor,2022,708680,2811.0,27.0,88.0,76.23,5.46,60.32,68.35
Kabupaten Bogor,2023,668470,3520.0,25.9,87.0,77.16,4.75,68.3,75.74
Kabupaten Sukabumi,2004,1090730,2377.0,26.7,74.0,74.86,10.47,87.82,81.59
Kabupaten Sukabumi,2005,1272919,2651.0,28.9,84.0,75.05,9.56,82.59,70.84
Kabupaten Sukabumi,2006,1094454,3199.0,27.5,79.0,75.64,9.32,89.79,75.46
Kabupaten Sukabumi,2007,875097,2919.0,26.5,81.0,75.68,10.52,81.53,97.67
Kabupaten Sukabumi,2008,1142299,2159.0,,83.0,76.1,8.73,88.33,91.73
Kabupaten Sukabumi,2009,973111,3087.0,29.6,83.0,76.42,10.56,91.15,76.15
Kabupaten Sukabumi,2010,1001138,2666.0,27.0,80.0,76.3,10.31,61.07,66.23
Kabupaten Sukabumi,2011,858473,2535.0,27.9,80.0,77.18,9.16,,67.82
Kabupaten Sukabumi,2012,1140153,2434.0,28.5,84.0,77.41,7.46,87.83,73.94
Kabupaten Sukabumi,2013,1164084,2355.0,27.2,83.0,76.87,10.71,65.48,73.26
Kabupaten Sukabumi,2014,1432295,3025.0,26.5,86.0,78.73,10.84,74.69,73.18
Kabupaten Sukabumi,2015,1307789,3508.0,26.8,83.0,77.53,10.71,77.21,80.62
Kabupaten Sukabumi,2016,1089510,2100.0,28.2,69.0,78.35,11.32,77.61,93.26
Kabupaten Sukabumi,2017,888514,2249.0,27.5,81.0,76.27,8.63,92.91,83.99
Kabupaten Sukabumi,2018,1401816,2106.0,28.5,66.0,80.22,9.67,62.49,75.53
Kabupaten Sukabumi,2019,1026639,2469.0,27.8,82.0,79.19,7.72,85.73,91.51
Kabupaten Sukabumi,2020,991597,2485.0,27.7,84.0,81.22,10.28,71.93,95.71
Kabupaten Sukabumi,2021,1031927,2677.0,27.9,85.0,77.09,8.6,77.68,92.27
Kabupaten Sukabumi,2022,1248250,2625.0,27.4,79.0,81.8,8.05,70.26,75.85
Kabupaten Sukabumi,2023,1487829,3447.0,27.7,84.0,77.28,9.34,62.01,83.13
Kabupaten Cianjur,2004,753771,4164.0,24.5,81.0,66.76,6.5,93.15,97.54
Kabupaten Cianjur,2005,640794,2840.0,25.6,65.0,67.13,6.81,77.24,65.37
Kabupaten Cianjur,2006,619574,3243.0,25.5,85.0,67.31,4.13,,72.38
Kabupaten Cianjur,2007,602823,3321.0,25.3,,67.53,5.33,84.35,80.0
Kabupaten Cianjur,2008,814501,4465.0,24.7,86.0,67.9,5.28,72.37,84.26
Kabupaten Cianjur,2009,549926,2022.0,25.0,83.0,67.5,5.67,88.79,96.34
Kabupaten Cianjur,2010,767036,4242.0,25.2,79.0,68.91,5.47,88.37,97.58
Kabupaten Cianjur,2011,661000,3468.0,24.1,82.0,69.22,4.62,76.4,78.69
Kabupaten Cianjur,2012,678972,3239.0,24.9,82.0,69.96,5.59,93.07,93.04
Kabupaten Cianjur,2013,722568,,23.8,70.0,69.47,5.17,72.54,68.75
Kabupaten Cianjur,2014,715308,4616.0,24.8,90.0,70.31,5.57,74.12,69.42
Kabupaten Cianjur,2015,707414,4250.0,25.3,76.0,67.9,4.72,80.65,77.94
Kabupaten Cianjur,2016,781955,3185.0,24.9,64.0,70.78,5.64,93.23,69.85
Kabupaten Cianjur,2017,724457,3265.0,25.2,78.0,71.88,3.28,71.51,85.9
Kabupaten Cianjur,2018,677493,3226.0,24.1,83.0,69.61,5.33,66.03,71.35
Kabupaten Cianjur,2019,657154,2741.0,24.4,69.0,69.9,4.29,84.16,66.3
Kabupaten Cianjur,2020,743496,4064.0,25.3,75.0,71.95,4.69,76.96,85.4
Kabupaten Cianjur,2021,563075,2864.0,23.4,85.0,73.02,3.48,78.62,68.54
Kabupaten Cianjur,2022,847981,1666.0,24.3,73.0,70.59,4.67,71.46,68.95
Kabupaten Cianjur,2023,622470,3418.0,25.3,87.0,71.5,5.85,78.8,84.37
Kabupaten Bandung,2004,1287997,3265.0,22.8,83.0,69.26,7.47,66.53,74.41
Kabupaten Bandung,2005,1048254,2386.0,23.1,81.0,69.39,7.89,93.93,93.56
Kabupaten Bandung,2006,1033047,2720.0,23.9,73.0,70.01,6.49,86.93,71.17
Kabupaten Bandung,2007,1223059,2002.0,22.6,68.0,69.66,7.76,70.1,84.18
Kabupaten Bandung,2008,1119677,1790.0,23.2,80.0,70.06,8.72,68.91,87.49
Kabupaten Bandung,2009,1033027,2613.0,24.5,62.0,70.28,6.66,89.07,96.85
Kabupaten Bandung,2010,1193845,2077.0,23.7,78.0,70.89,7.51,67.06,70.4
Kabupaten Bandung,2011,1061019,2549.0,23.4,82.0,70.71,8.73,73.74,91.95
Kabupaten Bandung,2012,785153,1886.0,22.5,77.0,71.85,7.65,73.44,82.94
Kabupaten Bandung,2013,1093720,2474.0,24.1,69.0,70.53,7.84,81.7,82.6
Kabupaten Bandung,2014,1161737,2480.0,23.4,74.0,71.0,6.94,86.69,93.93
Kabupaten Bandung,2015,1049860,2853.0,23.3,78.0,72.99,6.96,68.02,88.83
Kabupaten Bandung,2016,1278401,3004.0,23.9,93.0,71.36,5.95,76.17,96.26
Kabupaten Bandung,2017,1384665,2495.0,23.0,97.0,70.63,6.4,92.62,83.65
Kabupaten Bandung,2018,1212482,2469.0,23.2,83.0,73.08,7.99,92.7,95.54
Kabupaten Bandung,2019,1044168,1895.0,23.6,80.0,73.42,7.97,61.92,76.06
Kabupaten Bandung,2020,959200,1581.0,24.1,80.0,72.52,6.89,67.86,79.93
Kabupaten Bandung,2021,1414008,2247.0,23.5,61.0,75.62,7.03,80.32,85.86
Kabupaten Bandung,2022,1085274,1840.0,25.2,80.0,71.42,6.13,67.18,71.29
Kabupaten Bandung,2023,1106398,2347.0,23.3,75.0,75.58,6.79,78.35,79.55
Kabupaten Garut,2004,616918,2895.0,24.3,70.0,67.73,13.87,83.06,65.89
Kabupaten Garut,2005,557961,2250.0,23.3,80.0,67.88,13.28,68.34,68.28
Kabupaten Garut,2006,708151,2126.0,23.9,81.0,68.17,12.75,,65.43
Kabupaten Garut,2007,542370,1744.0,24.8,71.0,68.37,12.56,69.38,85.6
Kabupaten Garut,2008,749125,1482.0,22.7,76.0,69.27,13.8,87.99,79.03
Kabupaten Garut,2009,628175,,24.2,,69.48,12.41,78.4,70.67
Kabupaten Garut,2010,476839,2908.0,25.0,85.0,69.82,14.59,83.28,70.79
Kabupaten Garut,2011,779778,2536.0,24.3,82.0,68.53,11.41,85.83,67.73
Kabupaten Garut,2012,495320,2923.0,22.9,74.0,69.38,13.08,76.66,86.9
Kabupaten Garut,2013,465102,2669.0,23.9,84.0,68.77,11.59,80.89,76.03
Kabupaten Garut,2014,597767,2746.0,,77.0,70.22,11.2,88.67,91.38
Kabupaten Garut,2015,593203,2049.0,24.3,67.0,69.13,12.88,64.79,96.36
Kabupaten Garut,2016,506209,2500.0,24.4,80.0,71.56,13.06,89.72,73.24
Kabupaten Garut,2017,731661,1819.0,23.7,85.0,69.16,12.23,70.41,95.51
Kabupaten Garut,2018,737990,2577.0,23.5,86.0,72.61,12.28,64.22,67.54
Kabupaten Garut,2019,678537,,24.5,78.0,70.65,12.37,87.68,75.52
Kabupaten Garut,2020,713254,2767.0,23.0,84.0,69.45,11.96,87.96,97.93
Kabupaten Garut,2021,635557,3260.0,23.4,76.0,72.63,9.26,94.44,90.35
Kabupaten Garut,2022,471895,1698.0,23.3,85.0,70.13,11.72,68.18,66.39
Kabupaten Garut,2023,531620,1606.0,23.1,72.0,75.04,11.78,63.13,78.78
Kabupaten Tasikmalaya,2004,1357796,3723.0,25.5,97.0,74.2,5.34,87.29,76.55
Kabupaten Tasikmalaya,2005,1214343,4352.0,,74.0,74.55,6.18,67.83,82.72
Kabupaten Tasikmalaya,2006,1632223,4606.0,25.0,77.0,74.93,5.78,82.93,83.18
Kabupaten Tasikmalaya,2007,1391180,3269.0,24.9,70.0,75.15,5.03,62.84,72.27
Kabupaten Tasikmalaya,2008,1221867,3541.0,25.3,88.0,75.18,5.09,83.73,83.67
Kabupaten Tasikmalaya,2009,1532204,3785.0,25.1,84.0,75.98,6.07,84.79,92.62
Kabupaten Tasikmalaya,2010,1536678,4182.0,26.2,84.0,75.09,4.91,71.73,89.54
Kabupaten Tasikmalaya,2011,1353874,3639.0,25.1,80.0,74.91,6.56,81.59,97.38
Kabupaten Tasikmalaya,2012,1054506,3895.0,25.7,95.0,76.87,5.91,93.7,76.28
Kabupaten Tasikmalaya,2013,1638174,3801.0,25.4,76.0,75.91,5.04,62.36,84.21
Kabupaten Tasikmalaya,2014,1562187,2356.0,25.0,82.0,77.48,7.05,83.92,79.71
Kabupaten Tasikmalaya,2015,1311656,2407.0,24.0,83.0,77.59,5.07,62.88,87.46
Kabupaten Tasikmalaya,2016,1070314,3980.0,25.7,79.0,76.91,3.47,94.44,78.51
Kabupaten Tasikmalaya,2017,1187233,3225.0,25.5,71.0,78.87,6.07,93.89,71.12
Kabupaten Tasikmalaya,2018,1392823,3699.0,25.7,83.0,78.8,4.68,87.88,80.89
Kabupaten Tasikmalaya,2019,1465606,2930.0,26.4,79.0,75.99,3.38,69.41,91.32
Kabupaten Tasikmalaya,2020,1236061,2108.0,25.1,63.0,78.68,5.77,87.29,66.31
Kabupaten Tasikmalaya,2021,1409263,2733.0,25.3,79.0,79.05,3.12,79.59,65.32
Kabupaten Tasikmalaya,2022,1366128,2005.0,25.2,75.0,76.18,4.82,79.86,87.75
Kabupaten Tasikmalaya,2023,1268864,3002.0,25.7,89.0,76.28,3.91,61.82,82.86
Kabupaten Ciamis,2004,1096660,3858.0,26.5,89.0,77.03,7.44,62.11,73.15
Kabupaten Ciamis,2005,1111217,2573.0,,84.0,77.28,8.55,85.17,72.54
Kabupaten Ciamis,2006,895744,3607.0,26.3,81.0,77.24,8.53,85.45,89.51
Kabupaten Ciamis,2007,1060229,2033.0,,69.0,77.98,9.12,90.57,94.72
Kabupaten Ciamis,2008,814055,2870.0,27.1,81.0,77.68,8.46,64.6,88.62
Kabupaten Ciamis,2009,1203797,3451.0,26.4,68.0,78.83,7.36,,76.85
Kabupaten Ciamis,2010,891258,3448.0,26.8,79.0,78.09,8.03,64.58,97.0
Kabupaten Ciamis,2011,963626,2233.0,26.4,65.0,79.47,7.48,68.7,85.37
Kabupaten Ciamis,2012,942553,3579.0,27.1,,78.97,7.01,90.39,71.79
Kabupaten Ciamis,2013,1288170,3029.0,26.2,80.0,80.45,7.13,64.27,79.92
Kabupaten Ciamis,2014,1047411,3532.0,26.2,80.0,78.47,6.37,90.38,80.01
Kabupaten Ciamis,2015,1151321,1879.0,28.3,73.0,78.22,7.55,84.66,71.66
Kabupaten Ciamis,2016,1122864,2820.0,27.2,78.0,78.86,6.46,81.62,93.67
Kabupaten Ciamis,2017,1402130,2950.0,26.6,,80.96,7.67,83.06,78.0
Kabupaten Ciamis,2018,953349,3434.0,27.2,78.0,81.71,6.99,74.14,75.79
Kabupaten Ciamis,2019,1135637,3920.0,26.9,85.0,80.49,6.4,64.21,82.97
Kabupaten Ciamis,2020,871455,2176.0,26.0,90.0,80.78,6.13,62.56,84.91
Kabupaten Ciamis,2021,980947,3948.0,27.5,64.0,83.13,5.86,76.77,65.85
Kabupaten Ciamis,2022,891068,2248.0,27.4,67.0,81.71,6.64,85.13,96.53
Kabupaten Ciamis,2023,1171202,3078.0,26.8,78.0,79.5,6.79,68.99,74.4
Kabupaten Kuningan,2004,422005,3690.0,25.1,78.0,69.67,10.8,84.82,68.53
Kabupaten Kuningan,2005,396404,2116.0,26.0,79.0,70.01,11.07,61.52,85.89
Kabupaten Kuningan,2006,504661,3443.0,25.7,80.0,70.01,9.53,89.4,94.7
Kabupaten Kuningan,2007,625626,2333.0,25.3,74.0,70.71,11.24,83.36,68.15
Kabupaten Kuningan,2008,433474,4438.0,25.0,82.0,70.95,10.05,60.83,86.19
Kabupaten Kuningan,2009,485920,3704.0,27.0,76.0,71.06,9.25,94.57,69.5
Kabupaten Kuningan,2010,435828,4124.0,,76.0,71.52,10.28,69.6,67.62
Kabupaten Kuningan,2011,616618,2744.0,25.1,75.0,70.52,9.19,62.37,91.41
Kabupaten Kuningan,2012,512949,2139.0,25.9,85.0,71.75,11.31,94.79,86.84
Kabupaten Kuningan,2013,405651,4145.0,25.9,75.0,72.09,9.38,66.14,87.77
Kabupaten Kuningan,2014,508159,2227.0,25.6,73.0,72.94,11.07,92.45,72.74
Kabupaten Kuningan,2015,540851,2427.0,25.5,88.0,72.49,9.8,63.12,89.92
Kabupaten Kuningan,2016,505497,3011.0,26.1,,71.0,9.54,63.07,95.92
Kabupaten Kuningan,2017,396612,1965.0,,72.0,73.31,7.99,92.18,81.4
Kabupaten Kuningan,2018,501653,,26.2,77.0,74.72,8.49,62.83,78.3
Kabupaten Kuningan,2019,569314,3439.0,25.2,80.0,74.05,8.86,64.64,93.45
Kabupaten Kuningan,2020,493710,3614.0,26.5,,72.11,8.66,72.86,67.25
Kabupaten Kuningan,2021,472881,3141.0,26.0,79.0,72.96,9.81,75.38,68.49
Kabupaten Kuningan,2022,405647,3478.0,26.6,88.0,72.29,10.38,62.04,97.83
Kabupaten Kuningan,2023,606384,3198.0,25.5,75.0,75.51,10.29,77.83,97.89
Kabupaten Cirebon,2004,1037603,2616.0,24.5,86.0,74.36,10.76,85.68,90.39
Kabupaten Cirebon,2005,1171822,2714.0,24.4,77.0,74.54,9.67,64.8,82.67
Kabupaten Cirebon,2006,1046805,2713.0,23.4,94.0,75.07,8.81,,89.33
Kabupaten Cirebon,2007,1222859,1472.0,24.3,73.0,75.36,7.57,93.44,90.97
Kabupaten Cirebon,2008,1441060,2118.0,23.6,77.0,75.77,9.7,82.3,86.76
Kabupaten Cirebon,2009,1400281,2881.0,25.0,75.0,75.64,9.82,85.81,81.9
Kabupaten Cirebon,2010,1188000,2779.0,24.7,76.0,75.09,9.09,70.38,76.54
Kabupaten Cirebon,2011,1469937,3101.0,25.2,76.0,75.27,8.76,86.75,73.75
Kabupaten Cirebon,2012,1342295,,23.8,76.0,75.45,9.57,,66.38
Kabupaten Cirebon,2013,1456247,,25.6,85.0,77.03,10.1,71.84,95.63
Kabupaten Cirebon,2014,1120497,2030.0,23.5,66.0,77.2,8.0,66.91,94.27
Kabupaten Cirebon,2015,1169090,1998.0,25.1,82.0,78.25,8.49,68.83,89.92
Kabupaten Cirebon,2016,1454237,2653.0,25.1,85.0,77.92,9.74,92.81,66.42
Kabupaten Cirebon,2017,1235850,,24.5,85.0,76.49,9.27,89.42,89.18
Kabupaten Cirebon,2018,1654771,3317.0,23.4,,78.13,8.61,86.64,70.28
Kabupaten Cirebon,2019,1396383,2593.0,24.5,85.0,80.32,8.83,74.05,91.4
Kabupaten Cirebon,2020,1278359,1965.0,25.0,90.0,76.86,9.17,60.18,90.11
Kabupaten Cirebon,2021,1498725,1938.0,23.9,76.0,80.53,6.6,72.89,79.8
Kabupaten Cirebon,2022,1338960,2915.0,23.5,90.0,78.39,8.85,63.25,84.41
Kabupaten Cirebon,2023,1124516,3939.0,24.4,80.0,79.46,7.65,81.12,87.32
Kabupaten Majalengka,2004,1186160,1854.0,27.5,,72.47,3.93,71.49,79.32
Kabupaten Majalengka,2005,1181874,2005.0,,90.0,72.87,5.21,82.49,78.9
Kabupaten Majalengka,2006,1440176,2277.0,27.0,73.0,73.18,6.24,66.46,76.95
Kabupaten Majalengka,2007,1499007,2097.0,26.1,82.0,73.01,4.54,90.55,92.78
Kabupaten Majalengka,2008,1311009,1822.0,26.4,,73.03,4.78,75.29,89.07
Kabupaten Majalengka,2009,1540820,1793.0,27.4,73.0,74.1,4.6,93.48,67.28
Kabupaten Majalengka,2010,1198947,1956.0,26.6,74.0,74.71,5.35,75.74,90.63
Kabupaten Majalengka,2011,1070585,2030.0,26.7,63.0,73.9,4.61,60.76,86.91
Kabupaten Majalengka,2012,1229465,2250.0,26.2,76.0,75.03,4.31,66.93,83.66
Kabupaten Majalengka,2013,988219,2229.0,27.1,68.0,73.68,5.58,67.89,73.28
Kabupaten Majalengka,2014,1253854,2508.0,26.5,80.0,76.05,3.9,79.02,67.7
Kabupaten Majalengka,2015,1150220,1602.0,25.4,83.0,75.1,4.89,82.78,83.0
Kabupaten Majalengka,2016,1221030,1742.0,27.0,89.0,73.86,2.92,65.76,75.9
Kabupaten Majalengka,2017,1071313,2089.0,28.1,82.0,77.2,2.95,68.36,79.89
Kabupaten Majalengka,2018,1378476,2007.0,27.0,100.0,74.32,3.13,87.15,96.83
Kabupaten Majalengka,2019,1426923,2085.0,26.3,86.0,76.57,2.89,87.93,78.07
Kabupaten Majalengka,2020,1229623,2387.0,27.4,74.0,77.88,3.82,66.45,94.5
Kabupaten Majalengka,2021,1143533,1650.0,27.4,94.0,74.6,1.74,88.13,81.67
Kabupaten Majalengka,2022,1202692,2224.0,26.5,82.0,79.04,4.64,85.18,94.38
Kabupaten Majalengka,2023,1690049,2118.0,26.9,82.0,79.04,3.07,84.86,75.37
Kabupaten Sumedang,2004,678384,3767.0,25.6,74.0,70.37,8.98,72.18,79.86
Kabupaten Sumedang,2005,688024,3623.0,26.1,69.0,70.72,10.36,94.27,85.93
Kabupaten Sumedang,2006,774153,2646.0,26.0,72.0,70.61,9.06,89.3,74.22
Kabupaten Sumedang,2007,790851,4008.0,25.9,66.0,70.86,9.52,,86.55
Kabupaten Sumedang,2008,812775,3562.0,24.6,85.0,71.86,8.26,75.65,80.19
Kabupaten Sumedang,2009,749705,3231.0,26.0,81.0,71.03,9.07,61.47,89.42
Kabupaten Sumedang,2010,708793,3408.0,25.0,85.0,72.61,9.47,69.85,93.8
Kabupaten Sumedang,2011,675261,3356.0,24.9,73.0,71.57,9.5,76.41,74.94
Kabupaten Sumedang,2012,556525,3633.0,25.9,73.0,71.28,8.7,80.76,94.45
Kabupaten Sumedang,2013,832079,3604.0,24.9,80.0,73.95,7.91,78.25,67.1
Kabupaten Sumedang,2014,771414,3874.0,25.5,,73.85,8.64,75.06,75.46
Kabupaten Sumedang,2015,1028765,4069.0,25.1,86.0,72.93,8.62,82.1,84.53
Kabupaten Sumedang,2016,621628,3635.0,,80.0,72.95,8.9,81.02,89.54
Kabupaten Sumedang,2017,748957,4583.0,25.4,79.0,73.08,8.37,61.6,69.62
Kabupaten Sumedang,2018,708976,1843.0,,71.0,72.95,8.84,60.27,72.23
Kabupaten Sumedang,2019,733948,3825.0,24.9,83.0,73.19,9.52,73.9,67.87
Kabupaten Sumedang,2020,635727,3312.0,25.4,64.0,76.16,7.93,73.81,78.92
Kabupaten Sumedang,2021,661388,3665.0,25.2,85.0,73.64,8.56,93.43,92.1
Kabupaten Sumedang,2022,749125,2756.0,24.9,82.0,74.24,7.49,74.66,89.79
Kabupaten Sumedang,2023,699442,3465.0,25.2,88.0,74.33,8.67,60.35,85.99
Kabupaten Indramayu,2004,1138498,2784.0,27.3,,75.86,4.89,64.31,83.44
Kabupaten Indramayu,2005,1393405,3414.0,26.8,86.0,76.17,5.6,83.55,74.09
Kabupaten Indramayu,2006,1580526,2359.0,28.2,78.0,76.55,4.96,71.16,84.21
Kabupaten Indramayu,2007,1541406,3436.0,26.4,87.0,76.5,6.15,75.07,69.71
Kabupaten Indramayu,2008,1310767,3150.0,28.2,89.0,76.67,3.94,83.7,84.99
Kabupaten Indramayu,2009,1208144,2052.0,27.0,79.0,77.39,5.44,77.0,65.91
Kabupaten Indramayu,2010,1486877,2728.0,27.1,79.0,76.52,4.77,70.12,94.7
Kabupaten Indramayu,2011,1703811,3105.0,27.2,88.0,78.63,5.32,93.64,77.85
Kabupaten Indramayu,2012,1050445,2111.0,26.7,81.0,77.99,5.19,75.42,74.98
Kabupaten Indramayu,2013,1477510,2295.0,,78.0,77.49,3.64,79.52,76.46
Kabupaten Indramayu,2014,1153130,2855.0,28.6,73.0,78.33,5.6,81.72,71.64
Kabupaten Indramayu,2015,1777959,2471.0,27.3,,77.71,2.53,91.83,88.83
Kabupaten Indramayu,2016,1598089,2778.0,27.6,77.0,77.51,4.39,93.04,69.91
Kabupaten Indramayu,2017,1298074,2930.0,27.4,87.0,79.46,4.55,70.0,71.71
Kabupaten Indramayu,2018,1251476,3474.0,26.1,100.0,79.68,3.46,88.96,90.23
Kabupaten Indramayu,2019,1433130,3027.0,27.4,78.0,81.2,4.22,89.64,94.47
Kabupaten Indramayu,2020,1496621,1122.0,27.8,81.0,77.55,5.08,,69.44
Kabupaten Indramayu,2021,1569589,2195.0,26.5,75.0,78.63,3.57,60.31,97.93
Kabupaten Indramayu,2022,1570743,3004.0,27.8,,81.66,5.58,83.05,90.28
Kabupaten Indramayu,2023,1529755,2916.0,28.0,79.0,78.2,3.46,74.25,67.18
Kabupaten Subang,2004,558306,1931.0,26.8,78.0,79.22,4.65,62.55,78.29
Kabupaten Subang,2005,562668,1378.0,26.6,86.0,79.59,4.23,91.71,75.61
Kabupaten Subang,2006,427336,1676.0,27.1,80.0,79.78,4.0,91.1,81.6
Kabupaten Subang,2007,583721,2475.0,26.3,75.0,80.13,4.84,84.99,92.14
Kabupaten Subang,2008,575513,2193.0,26.3,80.0,80.55,3.17,64.68,85.78
Kabupaten Subang,2009,553448,1506.0,27.1,86.0,79.81,3.34,60.13,73.15
Kabupaten Subang,2010,484222,2109.0,26.9,74.0,80.3,4.86,91.22,79.32
Kabupaten Subang,2011,500456,1644.0,27.5,79.0,80.73,5.72,84.63,65.14
Kabupaten Subang,2012,599328,1440.0,27.2,80.0,81.84,2.81,63.69,90.8
Kabupaten Subang,2013,644034,1571.0,27.1,82.0,81.47,4.11,76.02,71.89
Kabupaten Subang,2014,438693,1234.0,27.8,77.0,82.77,4.18,90.81,72.12
Kabupaten Subang,2015,731180,2056.0,28.0,74.0,82.47,3.24,71.05,86.28
Kabupaten Subang,2016,684844,1459.0,27.2,78.0,81.45,2.74,89.24,65.48
Kabupaten Subang,2017,565712,,26.4,78.0,82.09,1.65,80.83,65.33
Kabupaten Subang,2018,600647,1707.0,,81.0,81.93,3.27,94.16,69.14
Kabupaten Subang,2019,684808,1640.0,27.2,86.0,83.05,3.42,73.01,65.04
Kabupaten Subang,2020,638213,1256.0,27.4,84.0,83.01,3.52,67.99,73.14
Kabupaten Subang,2021,540814,2297.0,27.0,,85.8,2.36,87.48,97.71
Kabupaten Subang,2022,600566,,26.9,75.0,82.23,4.54,87.35,84.08
Kabupaten Subang,2023,472906,1834.0,26.8,70.0,84.96,5.32,72.08,95.28
Kabupaten Purwakarta,2004,412199,3459.0,26.5,81.0,75.62,4.53,,80.17
Kabupaten Purwakarta,2005,445965,1360.0,28.4,70.0,75.73,4.34,94.34,91.17
Kabupaten Purwakarta,2006,440890,2727.0,26.5,83.0,76.08,4.66,94.34,71.27
Kabupaten Purwakarta,2007,424439,2647.0,27.5,75.0,76.35,4.75,68.66,86.14
Kabupaten Purwakarta,2008,403626,2670.0,28.3,82.0,76.61,3.68,71.26,92.99
Kabupaten Purwakarta,2009,513961,,27.6,76.0,76.84,4.13,,74.53
Kabupaten Purwakarta,2010,523834,2351.0,27.1,89.0,76.92,2.51,87.56,73.28
Kabupaten Purwakarta,2011,542447,1478.0,28.0,71.0,76.72,4.3,63.56,81.7
Kabupaten Purwakarta,2012,442460,2774.0,,84.0,77.46,5.28,69.89,76.65
Kabupaten Purwakarta,2013,478607,2347.0,28.0,79.0,77.86,5.62,80.69,71.14
Kabupaten Purwakarta,2014,533920,2234.0,25.9,81.0,79.05,4.42,86.99,86.6
Kabupaten Purwakarta,2015,395524,1572.0,27.6,76.0,77.14,3.36,60.0,78.75
Kabupaten Purwakarta,2016,423469,2456.0,26.8,72.0,77.65,5.23,85.97,93.0
Kabupaten Purwakarta,2017,390029,1597.0,27.0,88.0,80.1,3.55,,94.76
Kabupaten Purwakarta,2018,428996,3134.0,,86.0,77.35,2.88,87.32,84.26
Kabupaten Purwakarta,2019,508165,2757.0,26.5,87.0,80.53,3.66,77.98,81.79
Kabupaten Purwakarta,2020,514117,2350.0,27.8,86.0,80.64,3.76,85.51,93.44
Kabupaten Purwakarta,2021,506414,2849.0,27.1,76.0,79.03,1.31,89.98,88.14
Kabupaten Purwakarta,2022,503589,3257.0,27.4,,79.47,4.8,73.45,65.83
Kabupaten Purwakarta,2023,531250,1699.0,27.2,86.0,80.63,2.39,61.81,81.66
Kabupaten Karawang,2004,928585,3044.0,23.2,72.0,77.0,9.56,81.87,83.87
Kabupaten Karawang,2005,1218199,3270.0,23.5,72.0,77.21,9.11,71.69,89.18
Kabupaten Karawang,2006,979546,3127.0,23.5,86.0,77.46,9.53,73.09,96.17
Kabupaten Karawang,2007,1065012,4120.0,24.6,71.0,77.68,10.16,63.55,74.17
Kabupaten Karawang,2008,1008717,2149.0,23.1,80.0,78.56,11.22,84.66,78.95
Kabupaten Karawang,2009,991311,2510.0,22.9,74.0,78.22,9.35,70.06,86.67
Kabupaten Karawang,2010,1106100,3480.0,23.8,81.0,77.77,10.74,69.36,65.5
Kabupaten Karawang,2011,1296095,,24.5,68.0,78.27,10.19,90.31,96.24
Kabupaten Karawang,2012,1056563,3403.0,24.9,85.0,79.43,9.63,,79.86
Kabupaten Karawang,2013,1049860,3154.0,24.2,77.0,79.72,9.1,63.57,65.27
Kabupaten Karawang,2014,950202,3134.0,24.1,81.0,79.3,11.03,60.32,84.45
Kabupaten Karawang,2015,1011113,4236.0,24.7,85.0,78.4,8.97,90.71,89.38
Kabupaten Karawang,2016,977352,,24.9,77.0,80.38,9.19,88.8,95.78
Kabupaten Karawang,2017,1165866,2321.0,24.0,89.0,81.18,9.61,62.4,77.25
Kabupaten Karawang,2018,1116950,,22.9,81.0,79.95,9.09,75.9,85.8
Kabupaten Karawang,2019,1196761,3761.0,23.3,68.0,81.42,6.34,62.24,92.22
Kabupaten Karawang,2020,1013307,,23.5,80.0,80.96,8.06,74.34,86.62
Kabupaten Karawang,2021,1030161,2774.0,,,83.2,7.17,83.98,68.64
Kabupaten Karawang,2022,926714,2504.0,24.0,68.0,81.69,9.96,87.63,75.16
Kabupaten Karawang,2023,1015312,2486.0,23.1,84.0,83.9,9.79,73.75,83.26
Kabupaten Bekasi,2004,828664,2116.0,28.5,72.0,75.15,13.66,68.04,68.88
Kabupaten Bekasi,2005,672118,,27.8,71.0,75.28,13.26,65.8,94.4
Kabupaten Bekasi,2006,696569,1412.0,27.2,77.0,75.67,11.93,67.68,96.68
Kabupaten Bekasi,2007,713502,2273.0,28.5,68.0,75.94,11.4,84.58,70.67
Kabupaten Bekasi,2008,471340,1889.0,,86.0,76.19,12.41,71.8,69.71
Kabupaten Bekasi,2009,809404,1511.0,27.7,86.0,75.96,12.65,74.67,65.6
Kabupaten Bekasi,2010,1085994,1467.0,28.2,86.0,76.21,13.43,89.26,92.11
Kabupaten Bekasi,2011,985179,1867.0,28.0,87.0,76.8,12.52,89.92,94.12
Kabupaten Bekasi,2012,685992,1863.0,28.0,76.0,78.12,13.65,93.88,67.2
Kabupaten Bekasi,2013,516810,1658.0,27.4,88.0,77.22,11.48,79.57,75.6
Kabupaten Bekasi,2014,705248,1438.0,26.9,78.0,77.26,13.24,84.81,65.28
Kabupaten Bekasi,2015,928614,2133.0,26.6,78.0,78.91,11.94,79.19,67.19
Kabupaten Bekasi,2016,833012,2437.0,27.7,85.0,79.24,12.61,81.72,89.49
Kabupaten Bekasi,2017,678853,1720.0,27.0,82.0,80.0,12.11,80.9,86.59
Kabupaten Bekasi,2018,801833,2243.0,26.7,82.0,78.54,11.03,70.98,72.97
Kabupaten Bekasi,2019,703292,1747.0,26.5,80.0,77.5,13.77,84.37,77.63
Kabupaten Bekasi,2020,839269,2276.0,26.9,,80.08,12.72,71.36,73.89
Kabupaten Bekasi,2021,844234,2113.0,26.7,83.0,78.2,10.44,88.52,90.67
Kabupaten Bekasi,2022,698067,2107.0,27.5,76.0,78.94,12.33,61.36,87.01
Kabupaten Bekasi,2023,596567,2144.0,27.1,77.0,82.19,10.96,88.89,92.88
Kabupaten Bandung Barat,2004,482673,2222.0,23.6,82.0,66.42,14.91,64.55,65.74
Kabupaten Bandung Barat,2005,379999,3298.0,23.0,67.0,66.72,15.47,60.5,90.22
Kabupaten Bandung Barat,2006,493372,2987.0,24.0,94.0,67.0,16.04,94.67,89.97
Kabupaten Bandung Barat,2007,519261,3592.0,23.0,70.0,67.26,14.13,92.52,76.28
Kabupaten Bandung Barat,2008,320373,2728.0,,83.0,67.68,14.58,83.62,87.36
Kabupaten Bandung Barat,2009,370793,2949.0,23.2,80.0,67.96,13.44,82.7,74.08
Kabupaten Bandung Barat,2010,435979,2111.0,22.6,82.0,68.29,15.34,,65.63
Kabupaten Bandung Barat,2011,440270,2930.0,24.1,85.0,68.81,14.38,78.76,81.12
Kabupaten Bandung Barat,2012,343041,2487.0,22.3,,69.43,12.9,61.82,66.05
Kabupaten Bandung Barat,2013,479683,2224.0,23.2,86.0,69.71,14.31,67.39,93.48
Kabupaten Bandung Barat,2014,400798,2765.0,22.8,86.0,69.83,13.72,,92.96
Kabupaten Bandung Barat,2015,415673,2556.0,23.0,,70.62,15.09,73.5,67.34
Kabupaten Bandung Barat,2016,370391,2279.0,22.3,78.0,67.99,13.32,87.94,75.77
Kabupaten Bandung Barat,2017,382525,2114.0,22.9,77.0,69.11,13.21,62.19,71.95
Kabupaten Bandung Barat,2018,387668,2829.0,23.9,77.0,68.47,13.28,79.72,91.53
Kabupaten Bandung Barat,2019,401807,2778.0,22.7,71.0,70.73,14.39,77.07,67.71
Kabupaten Bandung Barat,2020,294787,2444.0,22.6,63.0,71.5,14.51,90.18,75.36
Kabupaten Bandung Barat,2021,453095,3302.0,23.4,,70.62,12.7,77.24,80.94
Kabupaten Bandung Barat,2022,384891,3203.0,23.2,87.0,70.0,13.37,66.87,96.4
Kabupaten Bandung Barat,2023,432331,2792.0,22.6,77.0,72.0,16.48,79.34,77.28
Kabupaten Pangandaran,2004,917377,1590.0,25.5,85.0,67.78,6.18,73.11,91.33
Kabupaten Pangandaran,2005,1042810,1526.0,25.7,88.0,68.12,7.19,83.55,72.28
Kabupaten Pangandaran,2006,1071285,1672.0,,73.0,67.98,7.23,86.26,70.02
Kabupaten Pangandaran,2007,1195500,1038.0,25.5,79.0,68.91,6.32,70.2,71.85
Kabupaten Pangandaran,2008,1053659,1715.0,24.5,65.0,69.09,4.77,80.89,97.99
Kabupaten Pangandaran,2009,933752,1594.0,26.7,77.0,68.32,7.22,71.91,81.85
Kabupaten Pangandaran,2010,1125733,1859.0,26.2,100.0,68.47,5.37,89.37,70.3
Kabupaten Pangandaran,2011,1270558,1766.0,25.6,76.0,69.76,7.03,66.07,77.53
Kabupaten Pangandaran,2012,941279,2230.0,25.5,82.0,70.43,7.33,92.52,77.78
Kabupaten Pangandaran,2013,1289320,1817.0,26.6,74.0,69.61,7.62,93.65,87.04
Kabupaten Pangandaran,2014,991818,1858.0,26.8,86.0,69.73,5.08,69.86,96.79
Kabupaten Pangandaran,2015,1154062,2094.0,26.7,75.0,70.34,6.45,,92.54
Kabupaten Pangandaran,2016,1106394,1714.0,26.0,71.0,69.52,5.39,68.63,80.54
Kabupaten Pangandaran,2017,556521,2212.0,26.3,83.0,72.61,6.69,86.5,66.83
Kabupaten Pangandaran,2018,865739,2405.0,26.4,78.0,72.94,6.06,69.51,71.29
Kabupaten Pangandaran,2019,841910,1593.0,25.2,88.0,69.82,5.2,78.6,74.5
Kabupaten Pangandaran,2020,719877,1757.0,25.0,93.0,70.17,7.51,72.04,89.19
Kabupaten Pangandaran,2021,1025429,1976.0,26.0,81.0,72.83,5.79,73.98,75.78
Kabupaten Pangandaran,2022,990837,1815.0,,96.0,70.22,5.63,61.14,86.74
Kabupaten Pangandaran,2023,1100585,1443.0,25.9,81.0,71.37,3.4,88.66,97.46
Kota Bogor,2004,434807,3231.0,24.2,78.0,70.21,3.06,88.82,92.08
Kota Bogor,2005,492334,1950.0,25.0,88.0,70.41,4.11,62.96,80.4
Kota Bogor,2006,505460,3394.0,24.8,70.0,70.9,3.67,70.62,95.77
Kota Bogor,2007,283445,3670.0,26.3,79.0,70.88,4.07,82.97,97.05
Kota Bogor,2008,536787,3782.0,25.1,75.0,70.75,4.33,62.69,76.7
Kota Bogor,2009,457706,1936.0,25.8,82.0,71.63,4.62,68.94,68.49
Kota Bogor,2010,358111,2210.0,25.9,89.0,70.94,3.9,88.96,66.38
Kota Bogor,2011,404154,2614.0,25.0,81.0,71.4,4.84,85.6,96.62
Kota Bogor,2012,449142,3263.0,26.0,90.0,71.98,5.24,75.0,89.14
Kota Bogor,2013,448975,3234.0,25.3,81.0,73.39,4.98,73.27,95.2
Kota Bogor,2014,468407,3113.0,26.6,61.0,72.14,3.51,69.52,65.21
Kota Bogor,2015,421045,4476.0,24.7,89.0,73.97,2.05,74.01,90.85
Kota Bogor,2016,431220,3208.0,25.9,87.0,71.85,3.22,67.79,75.14
Kota Bogor,2017,352828,1892.0,25.9,77.0,73.14,2.81,91.43,67.78
Kota Bogor,2018,372750,3284.0,24.5,82.0,72.59,4.21,90.39,95.57
Kota Bogor,2019,394068,3030.0,25.1,80.0,73.48,4.07,80.41,65.37
Kota Bogor,2020,383230,4130.0,25.2,76.0,73.72,0.83,84.83,73.96
Kota Bogor,2021,448336,3273.0,25.6,75.0,74.09,2.49,88.2,72.4
Kota Bogor,2022,467191,3061.0,24.0,75.0,76.71,4.87,61.8,81.25
Kota Bogor,2023,376937,2110.0,24.8,84.0,73.03,1.03,88.19,90.09
Kota Sukabumi,2004,257178,1855.0,24.3,77.0,70.42,7.44,91.01,94.56
Kota Sukabumi,2005,304951,1438.0,23.9,69.0,70.72,7.97,83.56,92.2
Kota Sukabumi,2006,227933,1679.0,23.9,89.0,71.02,9.13,90.31,74.55
Kota Sukabumi,2007,348120,2619.0,24.0,69.0,71.01,6.74,89.77,71.65
Kota Sukabumi,2008,280742,1951.0,,88.0,71.75,7.72,86.79,73.35
Kota Sukabumi,2009,245416,2122.0,24.6,88.0,71.81,7.1,83.89,83.99
Kota Sukabumi,2010,205277,,23.9,85.0,72.26,9.38,67.65,66.98
Kota Sukabumi,2011,301639,1900.0,23.7,74.0,72.12,8.52,71.62,80.36
Kota Sukabumi,2012,229278,2486.0,23.6,81.0,71.93,7.84,79.74,81.51
Kota Sukabumi,2013,311584,1198.0,25.0,78.0,71.7,8.15,70.27,82.34
Kota Sukabumi,2014,297871,1905.0,24.7,87.0,73.46,6.37,83.16,85.91
Kota Sukabumi,2015,243972,1712.0,24.4,73.0,73.71,8.51,72.0,69.44
Kota Sukabumi,2016,282637,2031.0,24.2,73.0,74.24,6.36,68.91,65.43
Kota Sukabumi,2017,328691,2219.0,24.4,80.0,73.72,8.77,79.21,77.54
Kota Sukabumi,2018,209175,2339.0,24.1,78.0,73.14,9.42,90.58,97.85
Kota Sukabumi,2019,171221,2257.0,24.5,71.0,73.73,6.12,,75.4
Kota Sukabumi,2020,287026,1461.0,24.5,72.0,75.34,7.24,,89.1
Kota Sukabumi,2021,287973,1373.0,24.6,94.0,76.45,7.18,64.39,96.79
Kota Sukabumi,2022,270946,1445.0,25.0,96.0,72.68,8.5,79.05,72.71
Kota Sukabumi,2023,236112,2195.0,24.6,79.0,76.25,7.3,70.77,85.25
Kota Bandung,2004,1246720,,26.3,73.0,75.95,7.71,86.83,88.17
Kota Bandung,2005,1320457,3883.0,25.2,89.0,76.19,7.49,,73.28
Kota Bandung,2006,1396221,2509.0,25.9,82.0,76.19,6.91,83.03,97.93
Kota Bandung,2007,1356456,1831.0,25.5,73.0,77.05,7.63,73.55,86.77
Kota Bandung,2008,1756154,2633.0,26.0,83.0,77.5,9.88,80.36,78.25
Kota Bandung,2009,1242030,2599.0,25.7,72.0,77.55,7.57,62.05,83.23
Kota Bandung,2010,1553969,3278.0,24.8,86.0,78.0,7.63,91.78,78.08
Kota Bandung,2011,1191446,2638.0,25.7,78.0,77.9,7.01,92.88,89.92
Kota Bandung,2012,1595869,3317.0,25.9,74.0,78.27,6.45,92.93,69.1
Kota Bandung,2013,1534252,3469.0,25.4,79.0,78.25,6.83,92.76,87.18
Kota Bandung,2014,1631701,3067.0,25.6,85.0,77.35,6.34,61.91,84.78
Kota Bandung,2015,1662148,2973.0,26.4,77.0,77.21,5.5,88.92,84.4
Kota Bandung,2016,1583496,2770.0,26.7,81.0,79.43,5.38,93.53,82.86
Kota Bandung,2017,1706246,2281.0,26.2,87.0,77.97,9.45,,90.2
Kota Bandung,2018,1038805,3202.0,25.6,81.0,79.21,7.26,73.53,66.69
Kota Bandung,2019,1240837,3298.0,24.4,63.0,81.23,7.42,77.7,67.05
Kota Bandung,2020,1377665,2661.0,26.5,81.0,80.23,7.39,61.6,96.22
Kota Bandung,2021,1472956,2815.0,26.4,68.0,79.48,5.59,83.95,96.32
Kota Bandung,2022,1284315,2488.0,25.4,80.0,77.78,5.31,77.14,78.71
Kota Bandung,2023,1710997,3188.0,26.2,73.0,80.09,8.25,63.39,70.91
Kota Cirebon,2004,1173252,2651.0,26.4,75.0,72.13,14.18,67.86,78.18
Kota Cirebon,2005,1215660,3039.0,25.7,83.0,72.33,13.61,74.7,84.09
Kota Cirebon,2006,1285071,3126.0,25.3,82.0,72.58,14.38,94.88,69.46
Kota Cirebon,2007,755214,2303.0,26.7,75.0,73.03,12.99,,76.81
Kota Cirebon,2008,1477369,3915.0,25.7,71.0,73.19,14.35,60.88,76.71
Kota Cirebon,2009,1059383,3044.0,26.6,86.0,73.48,12.69,85.73,85.13
Kota Cirebon,2010,1005244,2834.0,25.4,69.0,73.81,12.21,85.71,65.79
Kota Cirebon,2011,1200553,3220.0,25.8,79.0,73.02,12.45,79.27,78.44
Kota Cirebon,2012,1379824,2884.0,25.9,87.0,75.06,13.19,86.25,95.13
Kota Cirebon,2013,1443811,2129.0,25.9,74.0,73.69,13.22,79.43,84.4
Kota Cirebon,2014,1553903,2156.0,25.8,70.0,73.77,14.71,60.49,86.43
Kota Cirebon,2015,1134693,3465.0,26.1,96.0,75.41,11.84,92.61,97.9
Kota Cirebon,2016,1030253,3430.0,25.9,78.0,74.25,15.39,68.37,90.02
Kota Cirebon,2017,1206518,,26.4,70.0,77.23,12.56,92.71,75.01
Kota Cirebon,2018,1331774,3274.0,25.1,78.0,76.35,11.52,77.66,75.3
Kota Cirebon,2019,1269998,3938.0,25.2,74.0,75.45,14.15,66.95,90.85
Kota Cirebon,2020,1163694,3280.0,26.0,81.0,77.79,13.61,71.87,67.06
Kota Cirebon,2021,1289239,2289.0,25.7,74.0,77.95,11.02,70.59,93.34
Kota Cirebon,2022,1280236,3169.0,26.0,74.0,79.03,12.31,82.6,81.85
Kota Cirebon,2023,828827,2649.0,25.3,82.0,74.81,11.68,71.51,86.86
Kota Bekasi,2004,1208883,2672.0,28.2,88.0,69.69,13.28,89.72,77.65
Kota Bekasi,2005,1449100,3335.0,27.5,70.0,70.01,13.54,81.15,80.21
Kota Bekasi,2006,1204931,3359.0,27.4,82.0,70.4,12.46,90.77,88.94
Kota Bekasi,2007,1380736,2985.0,27.2,80.0,70.56,13.47,68.71,96.09
Kota Bekasi,2008,1310574,2668.0,27.1,77.0,70.11,13.07,72.5,76.36
Kota Bekasi,2009,1178024,,28.3,80.0,70.96,14.18,94.4,73.25
Kota Bekasi,2010,1176886,2772.0,26.8,92.0,71.05,13.15,82.71,78.83
Kota Bekasi,2011,1057236,2089.0,27.6,80.0,71.07,14.14,94.85,79.36
Kota Bekasi,2012,1101095,3511.0,26.9,77.0,70.49,12.73,65.87,68.97
Kota Bekasi,2013,1256368,3217.0,27.6,79.0,70.92,13.34,72.21,77.37
Kota Bekasi,2014,1389082,3628.0,27.7,76.0,73.1,14.46,77.81,93.43
Kota Bekasi,2015,1036610,2991.0,28.6,79.0,74.05,12.44,68.7,82.77
Kota Bekasi,2016,1189471,2772.0,26.9,76.0,73.84,11.99,68.17,67.25
Kota Bekasi,2017,1005065,3270.0,26.9,75.0,72.46,10.4,91.69,81.27
Kota Bekasi,2018,1016622,2928.0,27.1,72.0,72.44,12.79,82.22,69.09
Kota Bekasi,2019,1189508,3426.0,27.4,74.0,75.49,12.96,90.09,70.57
Kota Bekasi,2020,1408628,3166.0,,73.0,72.68,13.28,65.6,87.81
Kota Bekasi,2021,758206,2803.0,27.2,90.0,75.17,11.81,65.45,83.05
Kota Bekasi,2022,1102411,2660.0,27.4,79.0,72.97,10.76,61.51,70.91
Kota Bekasi,2023,1210626,3472.0,27.6,82.0,72.21,10.21,73.36,90.58
Kota Depok,2004,643688,3020.0,23.8,76.0,67.19,13.54,80.88,91.87
Kota Depok,2005,514151,2221.0,23.8,,67.38,13.65,81.03,87.97
Kota Depok,2006,636222,2500.0,23.9,69.0,67.87,15.3,60.89,87.77
Kota Depok,2007,455955,2553.0,23.9,,67.84,14.76,65.15,74.83
Kota Depok,2008,546179,2636.0,23.7,74.0,68.7,14.48,90.96,83.28
Kota Depok,2009,682376,1989.0,24.1,72.0,68.83,12.88,93.32,89.35
Kota Depok,2010,624671,,23.0,78.0,69.13,12.02,,79.68
Kota Depok,2011,473738,1545.0,23.9,81.0,69.49,14.15,71.96,79.31
Kota Depok,2012,514521,3307.0,24.8,84.0,69.92,12.86,74.07,87.23
Kota Depok,2013,536090,3645.0,23.8,89.0,68.59,12.18,79.1,71.73
Kota Depok,2014,629547,2289.0,23.1,79.0,71.09,13.18,76.63,94.63
Kota Depok,2015,591726,3777.0,24.1,77.0,68.7,12.69,60.03,66.3
Kota Depok,2016,625515,3010.0,23.3,81.0,71.01,13.95,,83.93
Kota Depok,2017,609156,3443.0,23.2,77.0,71.67,12.54,73.78,80.62
Kota Depok,2018,512949,3258.0,24.3,82.0,69.35,13.83,,85.97
Kota Depok,2019,478334,2435.0,23.6,79.0,71.21,12.2,83.34,79.37
Kota Depok,2020,550801,3179.0,23.6,,70.24,14.65,65.82,77.53
Kota Depok,2021,652607,2946.0,24.0,82.0,72.78,12.96,66.72,87.0
Kota Depok,2022,658505,3659.0,25.9,72.0,70.8,13.36,66.5,67.8
Kota Depok,2023,501797,3815.0,23.5,68.0,72.27,12.95,,95.45
Kota Cimahi,2004,848132,2055.0,26.7,78.0,65.55,11.14,68.28,80.96
Kota Cimahi,2005,822470,1827.0,26.6,74.0,65.8,8.62,62.17,84.03
Kota Cimahi,2006,915936,2064.0,26.4,68.0,65.77,10.44,71.63,75.41
Kota Cimahi,2007,993743,2036.0,26.2,81.0,66.72,8.52,90.28,84.83
Kota Cimahi,2008,654174,2584.0,26.2,95.0,66.53,8.0,92.36,66.86
Kota Cimahi,2009,643590,2532.0,26.7,86.0,66.43,10.73,89.82,83.45
Kota Cimahi,2010,668625,2170.0,27.5,68.0,66.29,8.71,,84.2
Kota Cimahi,2011,861317,1939.0,27.5,82.0,68.14,9.24,64.6,75.22
Kota Cimahi,2012,867612,2641.0,26.1,,68.17,9.1,61.41,75.76
Kota Cimahi,2013,623830,1649.0,26.6,77.0,68.53,8.36,79.79,65.69
Kota Cimahi,2014,771577,1938.0,26.7,80.0,66.81,8.25,89.03,69.41
Kota Cimahi,2015,867218,2227.0,26.9,83.0,67.56,8.54,,90.26
Kota Cimahi,2016,854262,2505.0,26.6,75.0,67.77,9.64,75.21,93.69
Kota Cimahi,2017,720856,1864.0,26.0,75.0,69.22,9.49,85.98,72.53
Kota Cimahi,2018,761478,2017.0,25.9,,68.44,8.48,90.95,70.01
Kota Cimahi,2019,704243,,27.3,91.0,68.9,7.54,60.26,87.83
Kota Cimahi,2020,745534,2198.0,26.8,79.0,69.17,8.22,80.37,91.33
Kota Cimahi,2021,834888,2099.0,27.3,63.0,72.18,7.03,62.91,93.48
Kota Cimahi,2022,689018,2140.0,25.4,89.0,72.09,8.85,61.91,97.07
Kota Cimahi,2023,925854,1352.0,26.8,88.0,69.19,8.59,64.52,74.83
Kota Tasikmalaya,2004,1149999,2683.0,24.1,82.0,67.49,9.11,,66.66
Kota Tasikmalaya,2005,1120325,2579.0,23.8,74.0,67.6,7.19,87.11,69.44
Kota Tasikmalaya,2006,1597233,2093.0,23.9,79.0,68.16,7.97,75.15,82.67
Kota Tasikmalaya,2007,1227760,1276.0,23.8,87.0,68.63,5.97,77.81,79.94
Kota Tasikmalaya,2008,1224236,1910.0,23.5,,68.38,7.15,62.89,70.1
Kota Tasikmalaya,2009,1070111,2684.0,22.4,74.0,68.12,6.53,93.83,96.18
Kota Tasikmalaya,2010,1322416,1534.0,24.2,83.0,68.12,8.91,85.66,97.85
Kota Tasikmalaya,2011,1095719,2601.0,23.1,63.0,68.55,7.31,89.87,81.44
Kota Tasikmalaya,2012,937757,2697.0,,82.0,69.53,5.21,87.03,70.63
Kota Tasikmalaya,2013,1421223,1679.0,23.4,90.0,69.7,6.31,80.18,76.29
Kota Tasikmalaya,2014,1076564,2784.0,24.2,69.0,69.28,7.78,75.59,96.91
Kota Tasikmalaya,2015,1570153,2968.0,24.3,81.0,71.46,5.82,85.13,77.28
Kota Tasikmalaya,2016,1164823,2009.0,24.7,77.0,69.57,6.53,93.83,79.63
Kota Tasikmalaya,2017,1129381,2585.0,22.9,72.0,71.67,8.3,61.73,77.75
Kota Tasikmalaya,2018,940384,1915.0,22.9,79.0,69.7,6.96,75.56,84.03
Kota Tasikmalaya,2019,1245550,3009.0,24.7,74.0,72.04,7.68,80.86,89.41
Kota Tasikmalaya,2020,1271175,2232.0,23.2,78.0,69.73,6.34,79.07,69.15
Kota Tasikmalaya,2021,910515,1962.0,23.7,77.0,72.78,6.01,72.83,77.9
Kota Tasikmalaya,2022,1069454,2800.0,24.0,76.0,70.73,6.69,89.57,76.87
Kota Tasikmalaya,2023,1248999,1892.0,24.8,81.0,69.45,6.22,71.53,87.88
Kota Banjar,2004,1323360,2570.0,27.7,91.0,69.41,9.25,69.61,80.66
Kota Banjar,2005,1432199,2471.0,26.0,81.0,69.7,9.6,61.79,72.68
Kota Banjar,2006,818672,2073.0,27.1,70.0,69.8,7.95,92.47,93.63
Kota Banjar,2007,1142247,1853.0,27.2,84.0,70.4,9.32,82.54,92.53
Kota Banjar,2008,1484812,2522.0,28.1,62.0,69.85,8.43,70.24,83.0
Kota Banjar,2009,1020865,2278.0,,76.0,70.07,9.15,90.7,82.43
Kota Banjar,2010,992208,2074.0,27.6,82.0,71.5,8.02,73.48,96.12
Kota Banjar,2011,1053629,2581.0,27.3,75.0,71.65,8.89,82.37,76.25
Kota Banjar,2012,1216939,2038.0,27.5,83.0,72.55,8.8,64.49,86.46
Kota Banjar,2013,1391129,1879.0,27.0,87.0,72.2,7.92,61.93,79.09
Kota Banjar,2014,1296315,2084.0,26.2,87.0,71.98,8.76,76.73,76.72
Kota Banjar,2015,1201129,2582.0,27.8,73.0,71.55,9.44,82.94,66.31
Kota Banjar,2016,1335452,2219.0,27.0,86.0,72.26,9.57,68.56,78.9
Kota Banjar,2017,1253239,2239.0,26.1,78.0,72.04,8.79,63.2,89.97
Kota Banjar,2018,939227,2249.0,26.8,76.0,71.05,7.75,88.68,75.78
Kota Banjar,2019,1057723,2569.0,26.0,,73.52,8.36,83.63,71.79
Kota Banjar,2020,1009668,1963.0,27.3,74.0,75.13,5.68,63.7,91.82
Kota Banjar,2021,1242174,2895.0,27.8,84.0,75.36,9.55,86.16,93.08
Kota Banjar,2022,1317557,1531.0,27.2,79.0,71.39,7.76,66.16,72.77
Kota Banjar,2023,1018606,2472.0,27.1,76.0,75.63,7.18,91.91,69.84
